gpu architecture,percentage
Unknown,0.16390000000000002
RDNA 3.0,0.0093
GCN 4.0,0.0211
RDNA 1.0,0.0098
RDNA 2.0,0.0383
GCN 5.0,0.0068000000000000005
Generation 7.5,0.002
Generation 9.0,0.0024
Generation 9.5,0.0122
Generation 12.1/Generation 12.2,0.02
Xe-LPG,0.0023
Pascal,0.07440000000000001
Turing 16,0.084
Maxwell 2.0,0.005900000000000001
Ampere,0.2424
Turing,0.067
Ada Lovelace,0.23770000000000002
