gpu architecture,percentage
Unknown,0.1612
RDNA 3.0,0.0146
GCN 4.0,0.0204
RDNA 1.0,0.009600000000000001
RDNA 2.0,0.038400000000000004
GCN 5.0,0.0062
Generation 7.5,0.0019
Generation 9.0,0.0023
Generation 9.5,0.0115
Generation 12.1/Generation 12.2,0.0194
Xe-LPG,0.0026
Pascal,0.0665
Turing 16,0.07900000000000001
Maxwell 2.0,0.0053
Ampere,0.22879999999999998
Turing,0.05790000000000001
Ada Lovelace,0.23750000000000002
Blackwell,0.036699999999999997
