gpu architecture,percentage
Unknown,0.12
RDNA 3.0,0.006500000000000001
GCN 4.0,0.0149
RDNA 1.0,0.0044
RDNA 2.0,0.0245
GCN 5.0,0.0045
Generation 9.0,0.0016
Generation 9.5,0.006699999999999999
Generation 12.1/Generation 12.2,0.0135
Xe-LPG,0.0016
Pascal,0.0593
Turing 16,0.06459999999999999
Maxwell 2.0,0.0044
Ampere,0.2606
Turing,0.07260000000000001
Ada Lovelace,0.3404999999999999
