gpu architecture,percentage
Unknown,0.15559999999999996
RDNA 3.0,0.0189
GCN 4.0,0.019299999999999998
RDNA 1.0,0.0077
RDNA 2.0,0.036599999999999994
GCN 5.0,0.0057
Generation 7.5,0.0018
Generation 9.0,0.0021
Generation 9.5,0.0107
Generation 12.1/Generation 12.2,0.018
Xe-LPG,0.0026
Pascal,0.0625
Turing 16,0.0733
Maxwell 2.0,0.0048000000000000004
Ampere,0.22659999999999997
Turing,0.0579
Ada Lovelace,0.2366
Blackwell,0.0594
