gpu architecture,percentage
Unknown,0.168
RDNA 3.0,0.0098
GCN 4.0,0.0213
RDNA 1.0,0.01
RDNA 2.0,0.0397
GCN 5.0,0.0063999999999999994
Generation 7.5,0.002
Generation 9.0,0.0023
Generation 9.5,0.0116
Generation 12.1/Generation 12.2,0.0192
Xe-LPG,0.0022
Pascal,0.0718
Turing 16,0.08259999999999999
Maxwell 2.0,0.0058
Ampere,0.23650000000000002
Turing,0.0609
Ada Lovelace,0.24589999999999995
Blackwell,0.0038
