gpu architecture,percentage
Unknown,0.14889999999999998
RDNA 3.0,0.008199999999999999
GCN 4.0,0.0208
RDNA 1.0,0.009600000000000001
RDNA 2.0,0.03730000000000001
GCN 5.0,0.0066
Generation 7.5,0.002
Generation 9.0,0.0022
Generation 9.5,0.0115
Generation 12.1/Generation 12.2,0.0193
Xe-LPG,0.0021
Pascal,0.07719999999999999
Turing 16,0.08449999999999999
Maxwell 2.0,0.0060999999999999995
Ampere,0.24879999999999997
Turing,0.06870000000000001
Ada Lovelace,0.2462
