gpu architecture,percentage
Unknown,0.16400000000000003
RDNA 3.0,0.0174
GCN 4.0,0.0205
RDNA 1.0,0.0098
RDNA 2.0,0.0373
GCN 5.0,0.0063
Generation 7.5,0.002
Generation 9.0,0.0024
Generation 9.5,0.011899999999999999
Generation 12.1/Generation 12.2,0.0196
Xe-LPG,0.0026
Pascal,0.0658
Turing 16,0.0775
Maxwell 2.0,0.0052
Ampere,0.22490000000000002
Turing,0.057
Ada Lovelace,0.23129999999999998
Blackwell,0.0442
