gpu architecture,percentage
Unknown,0.17470000000000002
RDNA 3.0,0.0095
GCN 4.0,0.025599999999999998
RDNA 1.0,0.0137
RDNA 2.0,0.04699999999999999
GCN 5.0,0.0086
Generation 7.0,0.0034000000000000002
Generation 7.5,0.004
Generation 9.0,0.0048000000000000004
Generation 9.5,0.0151
Generation 12.1/Generation 12.2,0.0245
Xe-LPG,0.0025
Pascal,0.0963
Turing 16,0.1054
Maxwell 2.0,0.0078
Maxwell,0.0016
Turing,0.0852
Ampere,0.2972
Ada Lovelace,0.27469999999999994
