gpu architecture,percentage
Unknown,0.1688
RDNA 3.0,0.0271
GCN 4.0,0.0183
RDNA 1.0,0.0073
RDNA 2.0,0.031400000000000004
RDNA 4.0,0.0016
GCN 5.0,0.0052
Generation 7.5,0.0017
Generation 9.0,0.0021
Generation 9.5,0.0091
Generation 12.1/Generation 12.2,0.0176
Xe-LPG,0.0027
Pascal,0.054400000000000004
Turing 16,0.06470000000000001
Maxwell 2.0,0.0043
Ampere,0.2057
Turing,0.04870000000000001
Ada Lovelace,0.217
Blackwell,0.1127
